{
    "name": "Esptiny86",
    "description": "Synthesizer Library",
    "keywords": "ESP8266, ESP32, Synth, Synthesizer",
    "authors": [
        {
            "name": "Esptiny86",
            "email": "iyok@deadmediafm.org",
            "url": "http://github.com/esptiny86/espsynth86",
            "maintainer": true
        }
    ],
    "repository": {
        "type": "git",
         "url": ""
    },
    "version": "0.0.1",
    "homepage": "",
    "frameworks": "Arduino",
    "examples": [
        "examples/*/*.ino"
    ]
}